{
  "metadata": {
    "source_pdf": "District-Consolidation-Data_100-116.pdf",
    "source_pdf_path": "/Users/zacharymuhlbauer/Desktop/studio/projects/cs-archive/raw/scans/NYS Archives/B0494/District-Consolidation-Data_100-116.pdf",
    "page_number": 26,
    "page_image_path": "/Users/zacharymuhlbauer/Desktop/studio/projects/cs-archive/output/ocr/tables/images/District-Consolidation-Data_100-116_page_26.jpg",
    "processed_at": "2026-01-01T22:21:00.339095",
    "model": "qwen/qwen3-vl-32b-instruct",
    "county": "Chenango",
    "table_type": "central_rural_schools",
    "extraction_method": "full"
  },
  "table": {
    "headers": [
      "n",
      "town",
      "date_org",
      "date_appr",
      "n_new",
      "rmk"
    ],
    "rows": [
      {
        "n": "C.R.S. 1,2,4,5,6,7,10,15,16",
        "town": "Oxford 3d",
        "date_org": "Laid out 16 July 1929 Meeting held 30 July 1929 Designating dist. 8 Aug 1929",
        "date_appr": "1-984320-cust 4-130065-1929 5-48821-cust 7-556352-12 10-76767-cust 16-146615-cust 16-28050-cust 16-29787-cust 11-33550-cust",
        "n_new": "12",
        "rmk": "Oxford, Preston, McDonough+Smithville"
      },
      {
        "n": "1,6,7",
        "town": "Preston",
        "date_org": "",
        "date_appr": "",
        "n_new": "",
        "rmk": ""
      },
      {
        "n": "2",
        "town": "Smithville 5th",
        "date_org": "",
        "date_appr": "",
        "n_new": "1",
        "rmk": "Guilford"
      },
      {
        "n": "",
        "town": "Part of 18 Guilford + 1 Guilford, Chenango Co.",
        "date_org": "11 January 1930",
        "date_appr": "See papers for errors & allowances",
        "n_new": "12",
        "rmk": "Guilford"
      },
      {
        "n": "",
        "town": "12",
        "date_org": "",
        "date_appr": "",
        "n_new": "13",
        "rmk": "Bainbridge"
      },
      {
        "n": "",
        "town": "13",
        "date_org": "",
        "date_appr": "",
        "n_new": "10",
        "rmk": "Guilford"
      },
      {
        "n": "",
        "town": "10 Bainbridge",
        "date_org": "",
        "date_appr": "",
        "n_new": "",
        "rmk": ""
      },
      {
        "n": "",
        "town": "17 Guilford+Unadilla, Chen+Otsego Co.",
        "date_org": "",
        "date_appr": "",
        "n_new": "17",
        "rmk": "Guilford"
      },
      {
        "n": "C.R.S. 18",
        "town": "Guilford+Norwich",
        "date_org": "Laid out 31 Dec 1929 Meeting held 22 Jan 1930 Desig. of dist. 17 Feb 1930",
        "date_appr": "",
        "n_new": "8",
        "rmk": "Guilford, Norwich+Oxford"
      },
      {
        "n": "14",
        "town": "Guilford+Oxford",
        "date_org": "",
        "date_appr": "",
        "n_new": "",
        "rmk": ""
      },
      {
        "n": "9,10,11,12,13",
        "town": "Guilford",
        "date_org": "",
        "date_appr": "",
        "n_new": "",
        "rmk": ""
      },
      {
        "n": "9,13",
        "town": "Oxford+Guilford",
        "date_org": "",
        "date_appr": "",
        "n_new": "",
        "rmk": ""
      },
      {
        "n": "1,4",
        "town": "Smithville 3d",
        "date_org": "25 Dec 1930",
        "date_appr": "1930 to take effect 1 Aug 1930",
        "n_new": "1",
        "rmk": "Smithville"
      },
      {
        "n": "",
        "town": "Part of 3 Smithville + 1 Smithville, 3d + 7 McDonough (now no.3)",
        "date_org": "12 July 1930",
        "date_appr": "1930 to take effect 15 Dec 1930",
        "n_new": "1",
        "rmk": "Smithville"
      },
      {
        "n": "",
        "town": "",
        "date_org": "",
        "date_appr": "",
        "n_new": "3",
        "rmk": "McDonough (now 3)"
      },
      {
        "n": "6,7,8,10,11,14",
        "town": "Sherburne",
        "date_org": "C.R.S.",
        "date_appr": "Assess papers in folder",
        "n_new": "",
        "rmk": ""
      },
      {
        "n": "11,12,15",
        "town": "Sherburne+Columbus",
        "date_org": "",
        "date_appr": "",
        "n_new": "",
        "rmk": ""
      },
      {
        "n": "9",
        "town": "No. Norwich+Sherburne",
        "date_org": "Laid out 3 July 1930",
        "date_appr": "",
        "n_new": "",
        "rmk": ""
      },
      {
        "n": "1",
        "town": "Sherburne+No. Berlin",
        "date_org": "Meeting held 24 July 1930",
        "date_appr": "",
        "n_new": "",
        "rmk": ""
      },
      {
        "n": "5",
        "town": "Sherburne+No. Berlin",
        "date_org": "",
        "date_appr": "",
        "n_new": "",
        "rmk": ""
      },
      {
        "n": "1,4",
        "town": "Sherburne+Hamilton",
        "date_org": "Desig. of dist. 26 July 1930",
        "date_appr": "",
        "n_new": "",
        "rmk": ""
      },
      {
        "n": "5",
        "town": "No. Berlin+Columbus",
        "date_org": "",
        "date_appr": "",
        "n_new": "",
        "rmk": ""
      },
      {
        "n": "1,3",
        "town": "Columbus+Hamilton+Brookfield",
        "date_org": "",
        "date_appr": "",
        "n_new": "",
        "rmk": ""
      },
      {
        "n": "4",
        "town": "Oxford+(3d)",
        "date_org": "22 Sept. to take effect January 1, 1931",
        "date_appr": "",
        "n_new": "8",
        "rmk": "Guilford"
      },
      {
        "n": "8",
        "town": "Oxford 5th",
        "date_org": "C.R.S.",
        "date_appr": "",
        "n_new": "",
        "rmk": ""
      },
      {
        "n": "5",
        "town": "New Berlin, Morris+Butternut",
        "date_org": "Laid out 23 Aug. 1930",
        "date_appr": "",
        "n_new": "",
        "rmk": ""
      },
      {
        "n": "6,8,13",
        "town": "New Berlin",
        "date_org": "Meeting held Sept 11, 1930",
        "date_appr": "",
        "n_new": "",
        "rmk": ""
      },
      {
        "n": "2",
        "town": "Norwich+Butternut",
        "date_org": "",
        "date_appr": "",
        "n_new": "",
        "rmk": ""
      },
      {
        "n": "4",
        "town": "Morris+Butternut",
        "date_org": "Designation of dist as 25 Sept. 1930",
        "date_appr": "",
        "n_new": "",
        "rmk": ""
      },
      {
        "n": "7",
        "town": "New Berlin, Morris+Pittsfield",
        "date_org": "",
        "date_appr": "",
        "n_new": "",
        "rmk": ""
      },
      {
        "n": "7",
        "town": "New Berlin, Norwich+Butternut",
        "date_org": "",
        "date_appr": "",
        "n_new": "",
        "rmk": ""
      },
      {
        "n": "5",
        "town": "Otselic+Lincklaen",
        "date_org": "C.R.S.",
        "date_appr": "In assessments",
        "n_new": "",
        "rmk": ""
      },
      {
        "n": "1,3,9,10,12",
        "town": "Otselic",
        "date_org": "Laid out 19 May 1931 Meeting",
        "date_appr": "",
        "n_new": "",
        "rmk": ""
      },
      {
        "n": "5",
        "town": "Pharsalia",
        "date_org": "",
        "date_appr": "",
        "n_new": "",
        "rmk": ""
      },
      {
        "n": "7",
        "town": "Lincklaen",
        "date_org": "",
        "date_appr": "",
        "n_new": "",
        "rmk": ""
      },
      {
        "n": "7",
        "town": "Otselic+Lincklaen",
        "date_org": "R. 3 Je. 1931 Designation of",
        "date_appr": "",
        "n_new": "",
        "rmk": ""
      },
      {
        "n": "8",
        "town": "Otselic, Smyrna+Pharsalia",
        "date_org": "",
        "date_appr": "",
        "n_new": "",
        "rmk": ""
      },
      {
        "n": "6",
        "town": "Pitcker, Lincklaen+Otselic",
        "date_org": "des. 19 Je. 1931",
        "date_appr": "",
        "n_new": "",
        "rmk": ""
      },
      {
        "n": "3",
        "town": "Lincklaen+Otselic",
        "date_org": "",
        "date_appr": "",
        "n_new": "",
        "rmk": ""
      },
      {
        "n": "4",
        "town": "Sufford (Chen. co.)+Butternut (Otsego co.)",
        "date_org": "Laid out 15 Apr 1931",
        "date_appr": "",
        "n_new": "2",
        "rmk": "Sufford+Norwich"
      },
      {
        "n": "2,7",
        "town": "Sufford",
        "date_org": "Meeting held 27 May 1931",
        "date_appr": "",
        "n_new": "",
        "rmk": ""
      },
      {
        "n": "3",
        "town": "Sufford (Chen. co.)+Unadilla+Butternut (Otsego co.)",
        "date_org": "Designation of dist. 19 Je. 1931",
        "date_appr": "",
        "n_new": "1",
        "rmk": "Unadilla (Otsego)"
      },
      {
        "n": "5",
        "town": "Norwich (Chen. co.)+Butternut (Otsego co.)",
        "date_org": "",
        "date_appr": "",
        "n_new": "",
        "rmk": ""
      },
      {
        "n": "2,5,11",
        "town": "Bainbridge, Afton",
        "date_org": "Laid out 27 May 1931",
        "date_appr": "",
        "n_new": "1",
        "rmk": "Bainbridge"
      },
      {
        "n": "4,6",
        "town": "Sufford",
        "date_org": "Meeting held 19 Je. 31",
        "date_appr": "",
        "n_new": "",
        "rmk": ""
      },
      {
        "n": "8,10",
        "town": "Afton (Chen. co.)+Sidney (Del. co.)",
        "date_org": "",
        "date_appr": "",
        "n_new": "",
        "rmk": ""
      },
      {
        "n": "1",
        "town": "Afton+Mannville",
        "date_org": "",
        "date_appr": "",
        "n_new": "",
        "rmk": ""
      },
      {
        "n": "3",
        "town": "Sufford+Afton",
        "date_org": "",
        "date_appr": "",
        "n_new": "",
        "rmk": ""
      },
      {
        "n": "7",
        "town": "Sufford+Afton",
        "date_org": "",
        "date_appr": "",
        "n_new": "",
        "rmk": ""
      },
      {
        "n": "9",
        "town": "Afton+Unadilla (Otsego co.)",
        "date_org": "",
        "date_appr": "",
        "n_new": "",
        "rmk": ""
      },
      {
        "n": "12",
        "town": "Coventry+Afton",
        "date_org": "",
        "date_appr": "",
        "n_new": "",
        "rmk": ""
      },
      {
        "n": "1",
        "town": "Sufford",
        "date_org": "",
        "date_appr": "",
        "n_new": "",
        "rmk": ""
      },
      {
        "n": "3",
        "town": "Afton",
        "date_org": "",
        "date_appr": "",
        "n_new": "",
        "rmk": ""
      },
      {
        "n": "3",
        "town": "Afton+Sufford",
        "date_org": "",
        "date_appr": "",
        "n_new": "",
        "rmk": ""
      },
      {
        "n": "5",
        "town": "Coventry",
        "date_org": "",
        "date_appr": "",
        "n_new": "",
        "rmk": ""
      },
      {
        "n": "1,5",
        "town": "Mannville (Del. co.)",
        "date_org": "Afton (Chen. co.)+Sufford (Chenango co.)",
        "date_appr": "",
        "n_new": "",
        "rmk": ""
      },
      {
        "n": "4",
        "town": "",
        "date_org": "",
        "date_appr": "",
        "n_new": "",
        "rmk": ""
      }
    ]
  }
}