source_pdf,page_number,county,table_type,row_index,n,town,date_org,date_appr,n_new,rmk
District-Consolidation-Data_100-116.pdf,110,County,central_rural_schools,1,1+10,Sangerfield,1 October 1930,to take effect 1 Jan. 1931,1 Sangerfield,C.R.S.
District-Consolidation-Data_100-116.pdf,110,County,central_rural_schools,2,4+6,Hickland,24 March 1931,to take effect 13 June 1931,4 Hickland,
District-Consolidation-Data_100-116.pdf,110,County,central_rural_schools,3,3,"Hickland, Whitetown, New Hartford",,,,
District-Consolidation-Data_100-116.pdf,110,County,central_rural_schools,4,4,Hickland,,,,
District-Consolidation-Data_100-116.pdf,110,County,central_rural_schools,5,3d,New Hartford,Laid out 15 Je 1931,,"1 Hickland, New Hartford, Whitetown",
District-Consolidation-Data_100-116.pdf,110,County,central_rural_schools,6,1,New Hartford,,,,
District-Consolidation-Data_100-116.pdf,110,County,central_rural_schools,7,2,Westmoreland,,,,
District-Consolidation-Data_100-116.pdf,110,County,central_rural_schools,8,"7,13",Marshall,Meeting held 30 Je 1931,,"Marshall, Westmoreland",
District-Consolidation-Data_100-116.pdf,110,County,central_rural_schools,9,9,Vernon,,,,
District-Consolidation-Data_100-116.pdf,110,County,central_rural_schools,10,11,Paris,Designation of dist 10 Je 1931,,Vernon + Paris,
District-Consolidation-Data_100-116.pdf,110,County,central_rural_schools,11,15,"Melville, Hickland, Vernon",,,,
District-Consolidation-Data_100-116.pdf,110,County,central_rural_schools,12,16,"Westmoreland, Hickland",,,,
District-Consolidation-Data_100-116.pdf,110,County,central_rural_schools,13,"5,8,10,14",Hickland,,,,
District-Consolidation-Data_100-116.pdf,110,County,central_rural_schools,14,1,Whitetown,Laid out 13 Je 1931,,1 Whitetown,CRS
District-Consolidation-Data_100-116.pdf,110,County,central_rural_schools,15,7,Whitetown + Rome,Meeting held 25 Je 31,,"Rome, Mary + Floyd",
District-Consolidation-Data_100-116.pdf,110,County,central_rural_schools,16,"10,11",Whitetown + Rome,Designation of dist 15 Aug 31,,,
District-Consolidation-Data_100-116.pdf,110,County,central_rural_schools,17,3,Mary + Floyd,,,Floyd,
District-Consolidation-Data_100-116.pdf,110,County,central_rural_schools,18,"2,3,4,8",Marshall,18 July 1932 to take effect,,Sangerfield,CRS
District-Consolidation-Data_100-116.pdf,110,County,central_rural_schools,19,1,Sangerfield,20 July 1932,,,
District-Consolidation-Data_100-116.pdf,110,County,central_rural_schools,20,6+13,Steuken,6 June 1932 to take effect 6 Sept 32,,13 Steuken,
District-Consolidation-Data_100-116.pdf,110,County,central_rural_schools,21,6,Marshall,,,,
District-Consolidation-Data_100-116.pdf,110,County,central_rural_schools,22,1,Sangerfield,17 May 1932,1 Sept 32,1 Sangerfield,CRS
District-Consolidation-Data_100-116.pdf,110,County,central_rural_schools,23,1,Rome + Trenton,,,,
District-Consolidation-Data_100-116.pdf,110,County,central_rural_schools,24,"2,4,5,6",Rome + Trenton,Laid out 26 May 1933,,"1 Rome, Trenton",CRS
District-Consolidation-Data_100-116.pdf,110,County,central_rural_schools,25,"3,7",Rome + Steuken,,,,
District-Consolidation-Data_100-116.pdf,110,County,central_rural_schools,26,9,Rome + Bonville,Meeting held 16 Je 1933,,"Steuken, Bonville",
District-Consolidation-Data_100-116.pdf,110,County,central_rural_schools,27,11,Forestport,Designation of dist 29 Je 33,,+ Forestport,
District-Consolidation-Data_100-116.pdf,110,County,central_rural_schools,28,1,"Steuken, Trenton",,,,
District-Consolidation-Data_100-116.pdf,110,County,central_rural_schools,29,10,"Steuken, Trenton",,,,
District-Consolidation-Data_100-116.pdf,110,County,central_rural_schools,30,"2,4,5,11,13","Steuken, Trenton, Bonville",,,,
District-Consolidation-Data_100-116.pdf,110,County,central_rural_schools,31,12,Trenton,,,,
District-Consolidation-Data_100-116.pdf,110,County,central_rural_schools,32,C.R.S,Trenton,Laid out 8 June 1934,,"1 Trenton, Rome, Deerfield, Mary, Floyd, Steuben, Weston + Russia",CRS
District-Consolidation-Data_100-116.pdf,110,County,central_rural_schools,33,1,"Trenton, Rome, Russia",Meeting held 29 June 1934,,,
District-Consolidation-Data_100-116.pdf,110,County,central_rural_schools,34,2,"Trenton, Rome, Russia + Deerfield",Designation of dist 16 July 1934,,,
District-Consolidation-Data_100-116.pdf,110,County,central_rural_schools,35,"4,6,7","Trenton, Rome, Russia + Deerfield",,,,
District-Consolidation-Data_100-116.pdf,110,County,central_rural_schools,36,"6,11","Trenton, Rome, Russia + Deerfield",,,,
District-Consolidation-Data_100-116.pdf,110,County,central_rural_schools,37,8,Russia,,,,
District-Consolidation-Data_100-116.pdf,110,County,central_rural_schools,38,10,Rome,,,,
District-Consolidation-Data_100-116.pdf,110,County,central_rural_schools,39,13,Mary,,,,
District-Consolidation-Data_100-116.pdf,110,County,central_rural_schools,40,"3,4,6,7,8",Floyd,,,,
District-Consolidation-Data_100-116.pdf,110,County,central_rural_schools,41,5,"Floyd, Steuben + Trenton",,,,
District-Consolidation-Data_100-116.pdf,110,County,central_rural_schools,42,"3,8,13",Steuken,,,,
District-Consolidation-Data_100-116.pdf,110,County,central_rural_schools,43,1,Weston + Steuben,,,,
District-Consolidation-Data_100-116.pdf,110,County,central_rural_schools,44,,"Reorganized July 17, 1935",,,,
District-Consolidation-Data_100-116.pdf,110,County,central_rural_schools,45,8+10,Forestport,18 April 1935 to take effect 20 July 1935,,10 Forestport,C.R.S
District-Consolidation-Data_100-116.pdf,110,County,central_rural_schools,46,C.R.S,Whitetown,Laid out 28 May 1935,,"2 Whitetown, Mary, Deerfield + Trenton",C.R.S
District-Consolidation-Data_100-116.pdf,110,County,central_rural_schools,47,2,Whitetown,Meeting held 14 June 1935,,,
District-Consolidation-Data_100-116.pdf,110,County,central_rural_schools,48,5+6,Whitetown,Designation of dist 20 June 1935,,,
District-Consolidation-Data_100-116.pdf,110,County,central_rural_schools,49,5+6,Mary,,,,
District-Consolidation-Data_100-116.pdf,110,County,central_rural_schools,50,8+10,Mary + Deerfield,,,,
District-Consolidation-Data_100-116.pdf,110,County,central_rural_schools,51,9,Deerfield + Trenton,,,,
District-Consolidation-Data_100-116.pdf,110,County,central_rural_schools,52,9,Steuken,25 Sept 1935 to take effect 31 Dec 1935,,1 Trenton,CRS
District-Consolidation-Data_100-116.pdf,110,County,central_rural_schools,53,1,Trenton,25 Sept 1935,31 Dec 1935,1 Trenton,CRS
District-Consolidation-Data_100-116.pdf,110,County,central_rural_schools,54,15,Weston,18 July 1935,20 Oct. 1935,1 Whitetown,CRS
District-Consolidation-Data_100-116.pdf,110,County,central_rural_schools,55,8,Whitetown,,,,
District-Consolidation-Data_100-116.pdf,110,County,central_rural_schools,56,1,Whitetown,,,,
District-Consolidation-Data_100-116.pdf,110,County,central_rural_schools,57,17+16,Western,29 March 1937,1 July 1937,16 Western,C.R.S
District-Consolidation-Data_100-116.pdf,110,County,central_rural_schools,58,2,Paris,12 July 1937,12 Oct. 1937,2 Paris,C.R.S
District-Consolidation-Data_100-116.pdf,110,County,central_rural_schools,59,5,Paris + Litchfield,,,,
District-Consolidation-Data_100-116.pdf,110,County,central_rural_schools,60,9,Sangerfield,11 Sept 1937,11 Dec. 1937,1 Sangerfield,C.R.S
District-Consolidation-Data_100-116.pdf,110,County,central_rural_schools,61,1,Sangerfield,,,,
District-Consolidation-Data_100-116.pdf,110,County,central_rural_schools,62,5+12,Western,26 June 1938,14 Sept 1938,,
