source_pdf,page_number,county,table_type,row_index,n,town,date_org,date_appr,n_new,rmk
District-Consolidation-Data_100-116.pdf,73,Herkimer,consolidated_districts,1,8,Stark,25 October 1913,8- 9900 Conf,8 Stark,
District-Consolidation-Data_100-116.pdf,73,Herkimer,consolidated_districts,2,3,Stark,3 October 1913,9- 47719 1k,3 Stark,
District-Consolidation-Data_100-116.pdf,73,Herkimer,consolidated_districts,3,8,Warren,23 March 1914,"3- 23,290 Regal. 15 for 1/2 yr. 12-13",8 Warren,
District-Consolidation-Data_100-116.pdf,73,Herkimer,consolidated_districts,4,6,Schuyler,9 September 1915,"11- 24,585 1k",6 Schuyler,
District-Consolidation-Data_100-116.pdf,73,Herkimer,consolidated_districts,5,3,Ohio,24 October 1918,"8- 30,260 C-10 10- 68,950 1k",4 Ohio,
District-Consolidation-Data_100-116.pdf,73,Herkimer,consolidated_districts,6,4,Norway,31 March 1919,"6- 14,15 1k 15-16 30,960 1k 13- 72,000 C-1 14-39",4 Norway,
District-Consolidation-Data_100-116.pdf,73,Herkimer,consolidated_districts,7,7,Norway,8 August 1919,"3- 9,180 1k 4- 835.3 1k",7 Norway,
District-Consolidation-Data_100-116.pdf,73,Herkimer,consolidated_districts,8,1,Webb,16 September 1919,"4- 63,584 1k 18-19",1 Webb,
District-Consolidation-Data_100-116.pdf,73,Herkimer,consolidated_districts,9,3,Fairfield,21 April 1923,"6- 13,920 1k",5 Fairfield,
District-Consolidation-Data_100-116.pdf,73,Herkimer,consolidated_districts,10,1,Fairfield,25 August 1924,"7 Ohio 10,700 1k 18-19",2 Fairfield,
District-Consolidation-Data_100-116.pdf,73,Herkimer,consolidated_districts,11,8,Salisbury,"C.R.S. with 1 Stratford, Fulton Co. id See","7 Norway 28,996 1k",Salisbury,
District-Consolidation-Data_100-116.pdf,73,Herkimer,consolidated_districts,12,4,Manfield (Neb. co.) + Bridgewater (Oneida co.),C.R.S.,"1- 1,881,544 16k Good 1919-20","Manfield, Littlefield",
District-Consolidation-Data_100-116.pdf,73,Herkimer,consolidated_districts,13,8,Plainfield (Otsego co.) + Brookfield (Madison co.),C.R.S.,"2- 154,666 1k",Columbia (Oneida co.),
District-Consolidation-Data_100-116.pdf,73,Herkimer,consolidated_districts,14,"2,5,6,7",Manfield,C.R.S.,"3- 51,611 Conf","Manfield, Littlefield",
District-Consolidation-Data_100-116.pdf,73,Herkimer,consolidated_districts,15,8,Littlefield,C.R.S.,"5- 667,067 9k Good 21-22",Columbia (Oneida co.),
District-Consolidation-Data_100-116.pdf,73,Herkimer,consolidated_districts,16,"3,4,9",Plainfield (Otsego co.),C.R.S.,"1- 32,584 1k","Plainfield, Richfield",
District-Consolidation-Data_100-116.pdf,73,Herkimer,consolidated_districts,17,1,Manfield (Neb. co.) + Plainfield (Otsego co.),C.R.S.,"2- 70,561 1k",Eutaw (Otsego co.) +,
District-Consolidation-Data_100-116.pdf,73,Herkimer,consolidated_districts,18,3,"Richfield ("" - )",C.R.S.,Laid out 29 May 1931,Bridgewater + Paris (Oneida co.) +,
District-Consolidation-Data_100-116.pdf,73,Herkimer,consolidated_districts,19,9,Littlefield + Columbia,C.R.S.,Meeting held 25 June 1931,Brookfield (Madison co.),
District-Consolidation-Data_100-116.pdf,73,Herkimer,consolidated_districts,20,10,Columbia,C.R.S.,Designation of dist 25 June 1931,,
District-Consolidation-Data_100-116.pdf,73,Herkimer,consolidated_districts,21,1,Plainfield + Eutaw (Otsego co.),C.R.S.,,,
District-Consolidation-Data_100-116.pdf,73,Herkimer,consolidated_districts,22,2,Richfield (Otsego co.) + Manfield (Neb. co.),C.R.S.,,,
District-Consolidation-Data_100-116.pdf,73,Herkimer,consolidated_districts,23,11,Bridgewater (Oneida co.) + Manfield (Neb. co.),C.R.S.,,,
District-Consolidation-Data_100-116.pdf,73,Herkimer,consolidated_districts,24,6,Eutaw + Plainfield (Otsego co.),C.R.S.,,,
District-Consolidation-Data_100-116.pdf,73,Herkimer,consolidated_districts,25,6,"Richfield + """,C.R.S.,,,
District-Consolidation-Data_100-116.pdf,73,Herkimer,consolidated_districts,26,9,Bridgewater + Paris (Oneida co.) + Manfield (Neb. co.),C.R.S.,,,
District-Consolidation-Data_100-116.pdf,73,Herkimer,consolidated_districts,27,"1,2,5,6,7,10,13",Stark,2d,Laid out 16 Apr. 1931,1 Stark + Little Falls (Neb. co.),
District-Consolidation-Data_100-116.pdf,73,Herkimer,consolidated_districts,28,3,Stark + Little Falls,2d,Meeting held 1 May 31,Minden (Montgomery co.),
District-Consolidation-Data_100-116.pdf,73,Herkimer,consolidated_districts,29,8,""" (Neb. co.) + Minden (Montg. co.)",10k,Designation of dist 18 June 31,Springfield (Otsego co.),
District-Consolidation-Data_100-116.pdf,73,Herkimer,consolidated_districts,30,4,Springfield (Otsego co.) + Stark (Neb. co.),9 July 1931,7 October 1931,4 Ohio,
District-Consolidation-Data_100-116.pdf,73,Herkimer,consolidated_districts,31,4,Ohio,9 July 1931,to take effect 10 Oct. 1931,4 Ohio,
District-Consolidation-Data_100-116.pdf,73,Herkimer,consolidated_districts,32,5,Springfield + Haven,1 July 1932,to take effect 1 Nov. 1932,C.R.S. 1 Stark,
District-Consolidation-Data_100-116.pdf,73,Herkimer,consolidated_districts,33,1,Stark,4 June 1932,1 Dec. 1932,C.R.S. 1 Stark,
District-Consolidation-Data_100-116.pdf,73,Herkimer,consolidated_districts,34,1,Haven + town 2k,4 May 1932,15 Aug. 1932,C.R.S. 1 Stark,
District-Consolidation-Data_100-116.pdf,73,Herkimer,consolidated_districts,35,1,Stark,4 May 1932,15 Aug. 1932,C.R.S. 1 Stark,
District-Consolidation-Data_100-116.pdf,73,Herkimer,consolidated_districts,36,4,Haven,4 May 1932,15 Aug. 1932,C.R.S. 1 Stark,
District-Consolidation-Data_100-116.pdf,73,Herkimer,consolidated_districts,37,1,Stark,4 June 1932,15 Dec. 1932,C.R.S. 1 Stark,
District-Consolidation-Data_100-116.pdf,73,Herkimer,consolidated_districts,38,5,Haven,4 June 1932,15 Dec. 1932,C.R.S. 1 Stark,
District-Consolidation-Data_100-116.pdf,73,Herkimer,consolidated_districts,39,1,Stark,4 June 1932,15 Dec. 1932,C.R.S. 1 Stark,
District-Consolidation-Data_100-116.pdf,73,Herkimer,consolidated_districts,40,1,Haven + Columbia,4 June 1932,15 Dec. 1932,C.R.S. 1 Stark,
District-Consolidation-Data_100-116.pdf,73,Herkimer,consolidated_districts,41,1,Stark,4 June 1932,15 Dec. 1932,C.R.S. 1 Stark,
District-Consolidation-Data_100-116.pdf,73,Herkimer,consolidated_districts,42,C.R.S.,dist. 8 Newport + Russia,Laid out 24 May 1934,Meeting held 18 June 1934,"C.R.S. 3 Newport, Russia",
District-Consolidation-Data_100-116.pdf,73,Herkimer,consolidated_districts,43,U.F.S.,"3 Newport, 3 Norway, 7 Norway",Designation of dist 28 June 1934,"Norway, Ohio, Salisbury",,
District-Consolidation-Data_100-116.pdf,73,Herkimer,consolidated_districts,44,C.S.,"4 Ohio, 1 & 5 Ohio, 4 Salisbury",Designation of dist 28 June 1934,Webb and Deerfield,,
District-Consolidation-Data_100-116.pdf,73,Herkimer,consolidated_districts,45,,"2,3,4 & 8 Ohio, 9 Ohio & Webb, 5, 6, 7, 9, 10, 11, 12 Russia, 15 Russia, Norway & Ohio, 10 Deerfield (Oneida Co.)",Designation of dist 28 June 1934,,,
District-Consolidation-Data_100-116.pdf,73,Herkimer,consolidated_districts,46,1,Russia + 3 Newport,20 Aug 1934,to take effect 1 Dec. 1934,C.R.S. 3 Newport,
District-Consolidation-Data_100-116.pdf,73,Herkimer,consolidated_districts,47,10,Oppenheim + 10 Oppenheim,12 June 1936,to take effect 15 Sept 1936,10 Oppenheim,
District-Consolidation-Data_100-116.pdf,73,Herkimer,consolidated_districts,48,7,Danube + Stark,15 July 1936,to take effect 15 Oct 1936,C.R.S. 1 Stark,
District-Consolidation-Data_100-116.pdf,73,Herkimer,consolidated_districts,49,1,"Stark, Little Falls, Minden, Springfield",24 June 1937,to take effect 25 Sept 1937,C.R.S. 1 Stark,
District-Consolidation-Data_100-116.pdf,73,Herkimer,consolidated_districts,50,5,"Little Falls, Gurnee, 3 Little Falls",24 June 1937,to take effect 25 Sept 1937,C.R.S. 1 Stark,
District-Consolidation-Data_100-116.pdf,73,Herkimer,consolidated_districts,51,1,Stark etc,24 June 1937,to take effect 25 Sept 1937,C.R.S. 1 Stark,
