source_pdf,page_number,county,table_type,row_index,n,town,date_org,date_appr,n_new,rmk
District-Consolidation-Data_100-116.pdf,87,Livingston,central_rural_schools,1,C.R.S.,Dansville,2-12-1916,3-5-1922,15,1 North Dansville
District-Consolidation-Data_100-116.pdf,87,Livingston,central_rural_schools,2,"1,2,3,4",North Dansville,16 April 1915,to take effect 1 May,1,North Dansville
District-Consolidation-Data_100-116.pdf,87,Livingston,central_rural_schools,3,1,North Dansville,Laying out of dist. by Com. of Ed. 24 Oct. 1925,"1 West Sparta, 5 Portage, 11 Dansville",1,North Dansville
District-Consolidation-Data_100-116.pdf,87,Livingston,central_rural_schools,4,1 to 11,West Sparta,Meeting held 21 Dec. 1925,"11 West Sparta, 1 Dansville, 2 Dansville",1,"West Sparta, Liv. Co. & Dansville, Steub. Co."
District-Consolidation-Data_100-116.pdf,87,Livingston,central_rural_schools,5,2,"Dansville, Steub. Co.",Design. of dist. by Com. 19 Jan. 1926,"7- North Dansville, 11- West Sparta",1,"Dansville, Steub. Co."
District-Consolidation-Data_100-116.pdf,87,Livingston,central_rural_schools,6,7 to 11,Portage,3 June 1927,,11,Portage
District-Consolidation-Data_100-116.pdf,87,Livingston,central_rural_schools,7,9,Leicester,15 March 1937 to take effect 1 July 1937,,5,Castile
District-Consolidation-Data_100-116.pdf,87,Livingston,central_rural_schools,8,5,Castile (Wyoming Co.),,,1,No. Dansville
District-Consolidation-Data_100-116.pdf,87,Livingston,central_rural_schools,9,1,No. Dansville,,,1,No. Dansville
District-Consolidation-Data_100-116.pdf,87,Livingston,central_rural_schools,10,3,Ossian,10 May 1937 to take effect 11 Aug. 1937,,1,No. Dansville
District-Consolidation-Data_100-116.pdf,87,Livingston,central_rural_schools,11,C.R.S. 12,Nunda & Portage,Laid out 20 Oct. 1937,,C.R.S.,"12 Nunda & Portage, Liv. Co., Genesee & Wyoming Co."
District-Consolidation-Data_100-116.pdf,87,Livingston,central_rural_schools,12,6,Nunda,Meeting held 4 Nov. 1937,,C.R.S.,"Nunda, Genesee & Wyoming Co."
District-Consolidation-Data_100-116.pdf,87,Livingston,central_rural_schools,13,7,Nunda & Grove,Designation of dist. 9 Nov. 1937,,C.R.S.,"Nunda, Grove & Granger, Allegany Co. & Genesee & Wyoming Co."
District-Consolidation-Data_100-116.pdf,87,Livingston,central_rural_schools,14,"8,9,11,12",Portage,,,C.R.S.,"Portage, Nunda, Granger & Grove"
District-Consolidation-Data_100-116.pdf,87,Livingston,central_rural_schools,15,4,"Portage, Nunda, Granger & Grove",,,C.R.S.,"Portage, Nunda, Granger & Grove"
District-Consolidation-Data_100-116.pdf,87,Livingston,central_rural_schools,16,6,"Portage & Genesee, 3 Elec.",,,C.R.S.,"Portage & Genesee, 3 Elec."
District-Consolidation-Data_100-116.pdf,87,Livingston,central_rural_schools,17,10,Portage & Granger,,,C.R.S.,Portage & Granger
District-Consolidation-Data_100-116.pdf,87,Livingston,central_rural_schools,18,"1,2,3,5","Grove, Allegany Co.",,,C.R.S.,"Grove, Allegany Co."
District-Consolidation-Data_100-116.pdf,87,Livingston,central_rural_schools,19,2,Granger,,,C.R.S.,Granger
District-Consolidation-Data_100-116.pdf,87,Livingston,central_rural_schools,20,3,Granger & Grove,,,C.R.S.,Granger & Grove
District-Consolidation-Data_100-116.pdf,87,Livingston,central_rural_schools,21,C.R.S.,York & Leicester,Laid out 14 Dec. 1937,,C.R.S.,"York, Leicester & Caledonia, Livingston Co."
District-Consolidation-Data_100-116.pdf,87,Livingston,central_rural_schools,22,"1,3,6,8,9,10,12",York,Meeting held 23 Dec. 1937,,C.R.S.,"York, Leicester & Caledonia, Livingston Co."
District-Consolidation-Data_100-116.pdf,87,Livingston,central_rural_schools,23,11,York & Leicester,Designation of dist. 6 Jan. 1938,,C.R.S.,York & Leicester
District-Consolidation-Data_100-116.pdf,87,Livingston,central_rural_schools,24,4,Leicester & York,,,C.R.S.,Leicester & York
District-Consolidation-Data_100-116.pdf,87,Livingston,central_rural_schools,25,2,York & Caledonia,,,C.R.S.,York & Caledonia
District-Consolidation-Data_100-116.pdf,87,Livingston,central_rural_schools,26,C.R.S. 9,Livonia,Laid out 16 Sept. 1938,,C.R.S.,"Livonia, Conesus, Avon, Lima & Genesee, Livingston Co."
District-Consolidation-Data_100-116.pdf,87,Livingston,central_rural_schools,27,"1,2,3,5,6,7,9,10,11",Livonia,Meeting held 19 Sept. 1938,,C.R.S.,"Livonia, Conesus, Avon, Lima & Genesee, Livingston Co."
District-Consolidation-Data_100-116.pdf,87,Livingston,central_rural_schools,28,"100,11",Livonia & Conesus,Designation of dist. 20 Sept. 1938,,C.R.S.,Livonia & Conesus
District-Consolidation-Data_100-116.pdf,87,Livingston,central_rural_schools,29,"1,2,4,6",Conesus,,,C.R.S.,Conesus & Livonia
District-Consolidation-Data_100-116.pdf,87,Livingston,central_rural_schools,30,6,Conesus & Livonia,,,C.R.S.,Conesus & Livonia
District-Consolidation-Data_100-116.pdf,87,Livingston,central_rural_schools,31,12,"Avon, Lima & Livonia",,,C.R.S.,"Avon, Lima & Livonia"
District-Consolidation-Data_100-116.pdf,87,Livingston,central_rural_schools,32,"20,3",Genesee & Livonia,,,C.R.S.,Genesee & Livonia
District-Consolidation-Data_100-116.pdf,87,Livingston,central_rural_schools,33,C.R.S.,Nunda,Laid out 22 July 1938,,C.R.S.,"Nunda, West Sparta, Mount Morris & Portage, Livingston Co."
District-Consolidation-Data_100-116.pdf,87,Livingston,central_rural_schools,34,1,Nunda,Meeting held 9 Aug. 1938,,C.R.S.,Nunda
District-Consolidation-Data_100-116.pdf,87,Livingston,central_rural_schools,35,"3,4,5,8,9,10",Nunda,Designation of dist. 16 Aug. 1938,,C.R.S.,"Nunda, West Sparta, Mount Morris & Portage, Livingston Co."
District-Consolidation-Data_100-116.pdf,87,Livingston,central_rural_schools,36,2,Nunda & West Sparta,,,C.R.S.,Nunda & West Sparta
District-Consolidation-Data_100-116.pdf,87,Livingston,central_rural_schools,37,11,Nunda & Mt. Morris,,,C.R.S.,Nunda & Mt. Morris
District-Consolidation-Data_100-116.pdf,87,Livingston,central_rural_schools,38,2,Portage,,,C.R.S.,Portage
District-Consolidation-Data_100-116.pdf,87,Livingston,central_rural_schools,39,1,Portage & Mt. Morris,,,C.R.S.,Portage & Mt. Morris
District-Consolidation-Data_100-116.pdf,87,Livingston,central_rural_schools,40,"4,5,6,9,10,13",Mt. Morris,,,C.R.S.,Mt. Morris & Nunda
District-Consolidation-Data_100-116.pdf,87,Livingston,central_rural_schools,41,11,Mt. Morris & Nunda,,,C.R.S.,Mt. Morris & Nunda
District-Consolidation-Data_100-116.pdf,87,Livingston,central_rural_schools,42,12,"Mt. Morris, Nunda & Portage",,,C.R.S.,"Mt. Morris, Nunda & Portage"
District-Consolidation-Data_100-116.pdf,87,Livingston,central_rural_schools,43,4,West Sparta & Mt. Morris,,,C.R.S.,West Sparta & Mt. Morris
District-Consolidation-Data_100-116.pdf,87,Livingston,central_rural_schools,44,5,West Sparta & Nunda,,,C.R.S.,West Sparta & Nunda
District-Consolidation-Data_100-116.pdf,87,Livingston,central_rural_schools,45,7 to 8,Ossian,29 June 1939 to take effect 28 Sept. 1939,,7,Ossian
District-Consolidation-Data_100-116.pdf,87,Livingston,central_rural_schools,46,1,No. Dansville,12 July 1939 to take effect 15 Oct. 1939,,C.R.S.,No. Dansville
District-Consolidation-Data_100-116.pdf,87,Livingston,central_rural_schools,47,3,Sparta & West Sparta,22 June 1939,25 Sept. 1939,C.R.S.,No. Dansville
District-Consolidation-Data_100-116.pdf,87,Livingston,central_rural_schools,48,1,No. Dansville,29 Aug. 1938,28 Nov. 1938,C.R.S.,No. Dansville
District-Consolidation-Data_100-116.pdf,87,Livingston,central_rural_schools,49,6,West Sparta,12 July 1939,15 Oct. 1939,C.R.S.,No. Dansville
District-Consolidation-Data_100-116.pdf,87,Livingston,central_rural_schools,50,1,No. Dansville,4 November 1939,1 July 1940,C.R.S.,No. Dansville
District-Consolidation-Data_100-116.pdf,87,Livingston,central_rural_schools,51,12,"Dansville, Steuben Co.",8 July 1941,7 Oct. 1941,C.R.S.,No. Dansville
District-Consolidation-Data_100-116.pdf,87,Livingston,central_rural_schools,52,1,No. Dansville,8 July 1941,14 Oct. 1941,C.R.S.,No. Dansville
District-Consolidation-Data_100-116.pdf,87,Livingston,central_rural_schools,53,15,"Dansville, Steuben Co.",,,C.R.S.,No. Dansville
District-Consolidation-Data_100-116.pdf,87,Livingston,central_rural_schools,54,1,No. Dansville,,,C.R.S.,No. Dansville
District-Consolidation-Data_100-116.pdf,87,Livingston,central_rural_schools,55,8,Sparta,,,C.R.S.,No. Dansville
District-Consolidation-Data_100-116.pdf,87,Livingston,central_rural_schools,56,2,West Sparta,,,C.R.S.,No. Dansville
District-Consolidation-Data_100-116.pdf,87,Livingston,central_rural_schools,57,1,No. Dansville,,,C.R.S.,No. Dansville
District-Consolidation-Data_100-116.pdf,87,Livingston,central_rural_schools,58,10,Ossian,,,C.R.S.,No. Dansville
District-Consolidation-Data_100-116.pdf,87,Livingston,central_rural_schools,59,1,No. Dansville,,,C.R.S.,No. Dansville
District-Consolidation-Data_100-116.pdf,87,Livingston,central_rural_schools,60,C.R.S.,Avon,Laid out 12 June 1943,,C.R.S.,Avon & Lima
District-Consolidation-Data_100-116.pdf,87,Livingston,central_rural_schools,61,1,Avon,Meeting held 25 June 1943,,C.R.S.,Avon & Lima
District-Consolidation-Data_100-116.pdf,87,Livingston,central_rural_schools,62,"2,3,4,5,6,9,10,11",Avon,Designation of dist. 12 July 1943,,C.R.S.,Avon & Lima
District-Consolidation-Data_100-116.pdf,87,Livingston,central_rural_schools,63,7,Avon & Lima,15 Sept. 1944,,C.R.S.,Avon & Lima
District-Consolidation-Data_100-116.pdf,87,Livingston,central_rural_schools,64,6,"Aush, Monroe Co.",,,C.R.S.,Avon & Lima
District-Consolidation-Data_100-116.pdf,87,Livingston,central_rural_schools,65,1,Avon & Lima,,,C.R.S.,Avon & Lima
District-Consolidation-Data_100-116.pdf,87,Livingston,central_rural_schools,66,5,"Dansville, Steuben Co.",effective 16 Oct. 1944,,C.R.S.,No. Dansville
District-Consolidation-Data_100-116.pdf,87,Livingston,central_rural_schools,67,1,No. Dansville,,,C.R.S.,No. Dansville
